SIZES
  narena                14680064
  nbuffer               1645424
  nplugin               0
  maxuse_stack          15240
  maxuse_arena          37104
  maxuse_con            6
  maxuse_efc            42
  solver_nisland        1
  ne                    0
  nf                    18
  nl                    0
  nefc                  26
  nnzJ                  468
  ncon                  2
  nisland               0
  threadpool            0

TIMER
    0:  duration =  0.094      number = 1
    1:  duration =  0.091      number = 1
    2:  duration =  0          number = 0
    3:  duration =  0.071      number = 1
    4:  duration =  0.0033     number = 1
    5:  duration =  0.00078    number = 1
    6:  duration =  0.015      number = 1
    7:  duration =  0.0017     number = 1
    8:  duration =  0.0077     number = 1
    9:  duration =  0.0021     number = 1
    10:  duration =  0.056      number = 1
    11:  duration =  0.004      number = 1
    12:  duration =  4.2e-05    number = 1
    13:  duration =  0.0089     number = 1
    14:  duration =  0.009      number = 1

SOLVER STAT
  solver_nisland = 1
  solver_fwdinv =   0         0       
  ISLAND 0
    solver_niter = 4
    solver_nnz = 324
      0:  improvement =  1.7         gradient =  0.97        lineslope =  0       
          nactive = 26   nchange = 3   neval = 8   nupdate = 2
      1:  improvement =  1.7         gradient =  0.0056      lineslope =  7.8e-18 
          nactive = 26   nchange = 2   neval = 3   nupdate = 0
      2:  improvement =  0.0019      gradient =  0.0046      lineslope =  0       
          nactive = 26   nchange = 1   neval = 12   nupdate = 1
      3:  improvement =  0.0001      gradient =  1e-16       lineslope =  7.6e-20 
          nactive = 26   nchange = 0   neval = 2   nupdate = 0

ENERGY =   0         0       

TIME =  0.77    

QPOS
   0.17    
  -0.029   
   1       
   1       
  -0.008   
   0.011   
   0.012   
  -0.021   
  -0.41    
  -0.064   
   0.53    
  -0.17    
   0.024   
   0.048   
  -0.093   
   0.074   
   0.34    
  -0.26    
  -0.08    

QVEL
   0.46    
   0.15    
  -0.079   
  -0.39    
  -0.28    
  -0.02    
  -0.87    
   1.2     
  -0.074   
  -4       
   2.9     
   0.076   
  -0.12    
   0.88    
   0.34    
   0.074   
  -0.58    
  -0.51    

QACC_WARMSTART
   2.3     
  -1.5     
  -0.95    
  -15      
  -11      
  -2.6     
  -7.9     
   58      
   32      
  -62      
  -70      
  -11      
   13      
   7.3     
   31      
   34      
  -1.7e+02 
  -1.5e+02 

CTRL
   3.7     
   25      
   9.7     
   5.8     
  -0.93    
  -0.11    
  -5.6     
  -9.8     
  -35      
  -29      
   15      
  -3.1     

QFRC_APPLIED
   0       
   0       
   0       
   0       
   0       
   0       
   0       
   0       
   0       
   0       
   0       
   0       
   0       
   0       
   0       
   0       
   0       
   0       

XFRC_APPLIED
   0         0         0         0         0         0       
   0         0         0         0         0         0       
   0         0         0         0         0         0       
   0         0         0         0         0         0       
   0         0         0         0         0         0       
   0         0         0         0         0         0       
   0         0         0         0         0         0       
   0         0         0         0         0         0       
   0         0         0         0         0         0       
   0         0         0         0         0         0       
   0         0         0         0         0         0       
   0         0         0         0         0         0       
   0         0         0         0         0         0       
   0         0         0         0         0         0       
   0         0         0         0         0         0       
   0         0         0         0         0         0       
   0         0         0         0         0         0       
   0         0         0         0         0         0       
   0         0         0         0         0         0       
   0         0         0         0         0         0       
   0         0         0         0         0         0       
   0         0         0         0         0         0       
   0         0         0         0         0         0       
   0         0         0         0         0         0       
   0         0         0         0         0         0       
   0         0         0         0         0         0       
   0         0         0         0         0         0       
   0         0         0         0         0         0       
   0         0         0         0         0         0       
   0         0         0         0         0         0       
   0         0         0         0         0         0       
   0         0         0         0         0         0       
   0         0         0         0         0         0       
   0         0         0         0         0         0       
   0         0         0         0         0         0       
   0         0         0         0         0         0       
   0         0         0         0         0         0       
   0         0         0         0         0         0       
   0         0         0         0         0         0       
   0         0         0         0         0         0       
   0         0         0         0         0         0       
   0         0         0         0         0         0       
   0         0         0         0         0         0       
   0         0         0         0         0         0       
   0         0         0         0         0         0       
   0         0         0         0         0         0       
   0         0         0         0         0         0       
   0         0         0         0         0         0       
   0         0         0         0         0         0       
   0         0         0         0         0         0       
   0         0         0         0         0         0       
   0         0         0         0         0         0       
   0         0         0         0         0         0       

QACC
   2.3     
  -1.5     
  -0.95    
  -15      
  -11      
  -2.6     
  -7.9     
   58      
   32      
  -62      
  -70      
  -11      
   13      
   7.3     
   31      
   34      
  -1.7e+02 
  -1.5e+02 

XPOS
   0         0         0       
   0.17     -0.029     1       
   0.16      0.056     0.84    
   0.16      0.13      0.84    
   0.16      0.13      0.84    
   0.31      0.1       0.47    
   0.26      0.073     0.074   
   0.26      0.071     0.054   
   0.17     -0.12      0.84    
   0.17     -0.19      0.84    
   0.17     -0.19      0.84    
   0.2      -0.17      0.44    
   0.09     -0.15      0.059   
   0.09     -0.15      0.039   
   0.17     -0.029     1       
   0.17      0.13      1.4     
   0.21      0.19      1.4     
   0.17      0.18      1.3     
   0.17      0.22      1.1     
   0.2       0.34      1.1     
   0.2       0.42      1.1     
   0.2       0.44      1.1     
   0.21      0.57      1.1     
   0.22      0.56      1.1     
   0.23      0.59      1.2     
   0.23      0.6       1.2     
   0.19      0.63      1.1     
   0.19      0.66      1.1     
   0.19      0.63      1.1     
   0.19      0.66      1.1     
   0.19      0.63      1.1     
   0.19      0.66      1.1     
   0.19      0.63      1.1     
   0.19      0.66      1.1     
   0.18     -0.17      1.4     
   0.22     -0.23      1.4     
   0.18     -0.23      1.3     
   0.18     -0.27      1.1     
   0.22     -0.39      1.1     
   0.22     -0.47      1.1     
   0.22     -0.49      1.1     
   0.24     -0.62      1.1     
   0.25     -0.61      1.1     
   0.26     -0.64      1.2     
   0.27     -0.65      1.2     
   0.22     -0.68      1.1     
   0.23     -0.72      1.1     
   0.22     -0.69      1.1     
   0.23     -0.72      1.1     
   0.22     -0.69      1.1     
   0.23     -0.72      1.1     
   0.22     -0.68      1.1     
   0.23     -0.72      1.1     

XQUAT
   1         0         0         0       
   1        -0.0076    0.011     0.012   
   1        -0.0077    0.011     0.0023  
   0.98     -0.0071   -0.2       0.0038  
   0.98     -0.038    -0.2      -0.0024  
   1        -0.036     0.072    -0.013   
   1        -0.037    -0.016    -0.0092  
   1        -0.026    -0.017    -0.009   
   1        -0.0074    0.011     0.036   
   1        -0.0057   -0.036     0.036   
   1         0.031    -0.035     0.038   
   0.99      0.024     0.14      0.042   
   1         0.029     0.0057    0.039   
   1        -0.01      0.0041    0.039   
   1        -0.0076    0.011     0.012   
   0.99      0.12      0.012     0.011   
   1        -0.0076    0.011     0.012   
   1        -0.0076    0.011     0.012   
   0.7       0.0023    0.013     0.72    
   0.7       0.0023    0.013     0.72    
   0.7       0.0023    0.013     0.72    
   0.7       0.0023    0.013     0.72    
  -0.51      0.5       0.5       0.48    
  -0.002     0.77      0.014     0.64    
  -0.002     0.77      0.014     0.64    
  -0.002     0.77      0.014     0.64    
  -0.012     0.011    -0.0098    1       
  -0.012     0.011    -0.0098    1       
  -0.012     0.011     0.0076    1       
  -0.012     0.011     0.0076    1       
  -0.012     0.011     0.034     1       
  -0.012     0.011     0.034     1       
  -0.013     0.01      0.06      1       
  -0.013     0.01      0.06      1       
   0.99     -0.14      0.0092    0.013   
   1        -0.0076    0.011     0.012   
   1        -0.0076    0.011     0.012   
   0.72     -0.013     0.0023   -0.7     
   0.72     -0.013     0.0023   -0.7     
   0.72     -0.013     0.0023   -0.7     
   0.72     -0.013     0.0023   -0.7     
  -0.5      -0.48     -0.51      0.5     
   0.0012   -0.81     -0.014    -0.59    
   0.0012   -0.81     -0.014    -0.59    
   0.0012   -0.81     -0.014    -0.59    
   0.012    -0.011    -0.025    -1       
   0.012    -0.011    -0.025    -1       
   0.012    -0.011    -0.0076   -1       
   0.012    -0.011    -0.0076   -1       
  -0.012     0.011    -0.019     1       
  -0.012     0.011    -0.019     1       
  -0.012     0.011    -0.045     1       
  -0.012     0.011    -0.045     1       

XMAT
   1         0         0         0         1         0         0         0         1       
   1        -0.024     0.022     0.024     1         0.016    -0.022    -0.015     1       
   1        -0.0048    0.022     0.0044    1         0.016    -0.022    -0.015     1       
   0.92     -0.0048   -0.38      0.01      1         0.012     0.38     -0.015     0.92    
   0.92      0.02     -0.38      0.01      1         0.076     0.38     -0.074     0.92    
   0.99      0.02      0.14     -0.03      1         0.071    -0.14     -0.074     0.99    
   1         0.02     -0.032    -0.017     1         0.075     0.033    -0.074     1       
   1         0.019    -0.033    -0.017     1         0.051     0.033    -0.051     1       
   1        -0.072     0.022     0.072     1         0.016    -0.023    -0.014     1       
   0.99     -0.072    -0.073     0.073     1         0.0087    0.072    -0.014     1       
   0.99     -0.077    -0.068     0.073     1        -0.064     0.072     0.059     1       
   0.96     -0.077     0.27      0.09      1        -0.036    -0.27      0.059     0.96    
   1        -0.077     0.014     0.078     1        -0.058    -0.009     0.059     1       
   1        -0.078     0.0074    0.078     1         0.021    -0.009    -0.02      1       
   1        -0.024     0.022     0.024     1         0.016    -0.022    -0.015     1       
   1        -0.018     0.027     0.024     0.97     -0.24     -0.022     0.24      0.97    
   1        -0.024     0.022     0.024     1         0.016    -0.022    -0.015     1       
   1        -0.024     0.022     0.024     1         0.016    -0.022    -0.015     1       
  -0.024    -1         0.022     1        -0.024     0.016    -0.015     0.022     1       
  -0.024    -1         0.022     1        -0.024     0.016    -0.015     0.022     1       
  -0.024    -1         0.022     1        -0.024     0.016    -0.015     0.022     1       
  -0.024    -1         0.022     1        -0.024     0.016    -0.015     0.022     1       
   0.022     1        -0.024     0.016     0.024     1         1        -0.022    -0.015   
   0.19      0.024     0.98      0.019    -1         0.021     0.98      0.015    -0.19    
   0.19      0.024     0.98      0.019    -1         0.021     0.98      0.015    -0.19    
   0.19      0.024     0.98      0.019    -1         0.021     0.98      0.015    -0.19    
  -1         0.024     0.022    -0.024    -1        -0.019     0.022    -0.02      1       
  -1         0.024     0.022    -0.024    -1        -0.019     0.022    -0.02      1       
  -1         0.024     0.022    -0.024    -1         0.016     0.022     0.015     1       
  -1         0.024     0.022    -0.024    -1         0.016     0.022     0.015     1       
  -1         0.025     0.02     -0.024    -1         0.068     0.022     0.067     1       
  -1         0.025     0.02     -0.024    -1         0.068     0.022     0.067     1       
  -1         0.026     0.019    -0.024    -0.99      0.12      0.022     0.12      0.99    
  -1         0.026     0.019    -0.024    -0.99      0.12      0.022     0.12      0.99    
   1        -0.029     0.014     0.024     0.96      0.27     -0.022    -0.27      0.96    
   1        -0.024     0.022     0.024     1         0.016    -0.022    -0.015     1       
   1        -0.024     0.022     0.024     1         0.016    -0.022    -0.015     1       
   0.024     1         0.022    -1         0.024     0.016     0.015    -0.022     1       
   0.024     1         0.022    -1         0.024     0.016     0.015    -0.022     1       
   0.024     1         0.022    -1         0.024     0.016     0.015    -0.022     1       
   0.024     1         0.022    -1         0.024     0.016     0.015    -0.022     1       
  -0.022     1         0.024    -0.016     0.024    -1        -1        -0.022     0.015   
   0.3       0.024     0.95      0.022    -1         0.019     0.95      0.015    -0.3     
   0.3       0.024     0.95      0.022    -1         0.019     0.95      0.015    -0.3     
   0.3       0.024     0.95      0.022    -1         0.019     0.95      0.015    -0.3     
  -1         0.025     0.021    -0.024    -1         0.05      0.022     0.05      1       
  -1         0.025     0.021    -0.024    -1         0.05      0.022     0.05      1       
  -1         0.024     0.022    -0.024    -1         0.016     0.022     0.015     1       
  -1         0.024     0.022    -0.024    -1         0.016     0.022     0.015     1       
  -1         0.023     0.023    -0.024    -1        -0.037     0.022    -0.037     1       
  -1         0.023     0.023    -0.024    -1        -0.037     0.022    -0.037     1       
  -1         0.022     0.024    -0.024    -1        -0.089     0.022    -0.09      1       
  -1         0.022     0.024    -0.024    -1        -0.089     0.022    -0.09      1       

XIPOS
   0         0         0       
   0.17     -0.03      0.96    
   0.16      0.03      0.85    
   0.15      0.13      0.83    
   0.24      0.11      0.66    
   0.29      0.089     0.3     
   0.26      0.072     0.063   
   0.29      0.07      0.039   
   0.16     -0.093     0.85    
   0.16     -0.19      0.84    
   0.19     -0.17      0.65    
   0.15     -0.16      0.28    
   0.09     -0.15      0.048   
   0.12     -0.15      0.023   
   0.17     -0.023     1.2     
   0.17      0.19      1.4     
   0.17      0.19      1.3     
   0.17      0.19      1.3     
   0.2       0.29      1.1     
   0.2       0.37      1.1     
   0.2       0.44      1.1     
   0.2       0.52      1.1     
   0.21      0.56      1.1     
   0.22      0.57      1.1     
   0.22      0.59      1.2     
   0.23      0.61      1.2     
   0.19      0.64      1.1     
   0.19      0.68      1.1     
   0.19      0.64      1.1     
   0.19      0.69      1.1     
   0.19      0.64      1.1     
   0.19      0.68      1.1     
   0.19      0.64      1.1     
   0.19      0.68      1       
   0.18     -0.23      1.4     
   0.18     -0.23      1.3     
   0.18     -0.24      1.3     
   0.21     -0.35      1.1     
   0.22     -0.43      1.1     
   0.22     -0.5       1.1     
   0.22     -0.57      1.1     
   0.24     -0.61      1.1     
   0.25     -0.62      1.2     
   0.26     -0.64      1.2     
   0.27     -0.66      1.2     
   0.22     -0.7       1.1     
   0.23     -0.74      1.1     
   0.22     -0.7       1.1     
   0.23     -0.74      1.1     
   0.22     -0.7       1.1     
   0.22     -0.74      1.1     
   0.22     -0.7       1.1     
   0.22     -0.73      1.1     

XIMAT
   1         0         0         0         1         0         0         0         1       
   0.0094   -1         0.024     0.015    -0.024    -1         1         0.0097    0.015   
  -0.0082   -1         0.02      0.99     -0.0047    0.17     -0.17      0.021     0.99    
   0.92     -0.37      0.086     0.092    -0.00084  -1         0.37      0.93      0.033   
  -0.16     -0.92     -0.35      0.98     -0.2       0.069    -0.13     -0.33      0.93    
  -0.63     -0.76      0.17      0.78     -0.63      0.071     0.051     0.17      0.98    
   1         0.02     -0.044    -0.016     1         0.075     0.045    -0.074     1       
   0.021    -0.019     1         0.05     -1        -0.02      1         0.051    -0.02    
  -0.068    -1         0.032     0.99     -0.072    -0.14      0.14      0.022     0.99    
   1        -0.062    -0.01     -0.0091    0.023    -1         0.062     1         0.022   
   0.12     -0.99     -0.037     0.99      0.12     -0.055     0.059    -0.03      1       
   0.56     -0.77      0.29      0.81      0.58     -0.034    -0.14      0.26      0.96    
   1        -0.077     0.0021    0.077     1        -0.059     0.0024    0.059     1       
   0.061     0.078     1         0.025    -1         0.077     1         0.02     -0.063   
   1        -0.017     0.016     0.017     1         0.018    -0.016    -0.018     1       
   1         0.03     -0.083    -0.08     -0.082    -0.99     -0.037     1        -0.079   
   0.94     -0.028     0.35      0.022     1         0.022    -0.35     -0.013     0.94    
  -0.14     -0.99     -0.03      0.99     -0.14     -0.011     0.0069   -0.031     1       
  -0.95      0.067     0.31      0.32      0.11      0.94      0.028     0.99     -0.13    
  -0.13      0.68      0.72      0.011    -0.73      0.69      0.99      0.094     0.084   
  -0.076    -0.91     -0.42      0.79      0.2      -0.58      0.61     -0.37      0.7     
  -1         0.0071   -0.0033   -0.003     0.051     1         0.0072    1        -0.051   
   0.93     -0.14      0.35      0.037     0.96      0.28     -0.37     -0.25      0.89    
   0.98     -0.14      0.12      0.018     0.73      0.68     -0.19     -0.67      0.72    
   0.98     -0.16      0.099     0.021     0.61      0.79     -0.19     -0.78      0.6     
   0.98     -0.14      0.12      0.017     0.71      0.71     -0.19     -0.69      0.7     
   0.022     1        -0.064    -0.019     0.065     1         1        -0.021     0.021   
   0.022     1         0.095    -0.019    -0.094     1         1        -0.024     0.017   
   0.022     1        -0.065     0.016     0.065     1         1        -0.022    -0.014   
   0.022     0.99      0.11      0.016    -0.11      0.99      1        -0.02     -0.018   
   0.02      1        -0.066     0.068     0.065     1         1        -0.025    -0.066   
   0.02      1         0.093     0.068    -0.094     0.99      1        -0.014    -0.069   
   0.019     1        -0.067     0.12      0.065     0.99      0.99     -0.027    -0.12    
   0.019     1         0.084     0.12     -0.085     0.99      0.99     -0.0086   -0.12    
   0.99      0.026     0.13      0.13      0.11     -0.99     -0.04      0.99      0.11    
   0.94     -0.02      0.35      0.013     1         0.023    -0.35     -0.017     0.94    
   0.094    -1        -0.031     0.99      0.093     0.04     -0.037    -0.034     1       
   0.93      0.071     0.36      0.36     -0.077    -0.93     -0.039     0.99     -0.098   
   0.17     -0.68     -0.72      0.02      0.73     -0.68      0.99      0.1       0.14    
   0.1       0.89      0.45     -0.77     -0.21      0.6       0.63     -0.41      0.66    
   1         0.0088    0.045     0.045    -0.02     -1        -0.0079    1        -0.021   
   0.88     -0.12     -0.46     -0.0061   -0.97      0.24     -0.48     -0.2      -0.85    
   0.95      0.18      0.24      0.022     0.76     -0.65     -0.3       0.63      0.72    
   0.95     -0.22     -0.21      0.019    -0.64      0.77     -0.3      -0.74     -0.6     
   0.95      0.19      0.23      0.023     0.73     -0.68     -0.3       0.65      0.7     
   0.021     1         0.0098    0.05     -0.011     1         1        -0.02     -0.051   
   0.021     0.99     -0.15      0.05      0.15      0.99      1        -0.028    -0.047   
   0.021     1         0.017     0.016    -0.017     1         1        -0.021    -0.016   
   0.022     0.99     -0.15      0.016     0.15      0.99      1        -0.024    -0.012   
   0.023     1         0.018    -0.037    -0.017     1         1        -0.023     0.036   
   0.023     0.99     -0.14     -0.037     0.14      0.99      1        -0.017     0.04    
   0.024     1         0.019    -0.089    -0.017     1         1        -0.025     0.089   
   0.015     0.99     -0.13     -0.09      0.13      0.99      1        -0.0031    0.092   

XANCHOR
   0.17     -0.029     1       
   0.16      0.056     0.84    
   0.16      0.13      0.84    
   0.16      0.13      0.84    
   0.31      0.1       0.47    
   0.26      0.073     0.074   
   0.26      0.071     0.054   
   0.17     -0.12      0.84    
   0.17     -0.19      0.84    
   0.17     -0.19      0.84    
   0.2      -0.17      0.44    
   0.09     -0.15      0.059   
   0.09     -0.15      0.039   

XAXIS
   0         0         1       
   0.022     0.016     1       
  -0.0048    1        -0.015   
   0.92      0.01      0.38    
   0.02      1        -0.074   
   0.02      1        -0.074   
   1        -0.017     0.033   
   0.022     0.016     1       
  -0.072     1        -0.014   
   0.99      0.073     0.072   
  -0.077     1         0.059   
  -0.077     1         0.059   
   1         0.078    -0.009   

GEOM_XPOS
   0         0         0       
   0.17     -0.03      0.96    
   0.17     -0.029     1       
   0.16      0.038     0.85    
   0.18      0.056     0.84    
   0.15      0.12      0.83    
   0.24      0.13      0.65    
   0.25      0.12      0.65    
   0.16      0.19      0.83    
   0.29      0.09      0.31    
   0.29      0.087     0.27    
   0.26      0.072     0.063   
   0.26      0.072     0.063   
   0.29      0.07      0.037   
   0.29      0.07      0.037   
   0.16     -0.1       0.86    
   0.19     -0.12      0.84    
   0.16     -0.19      0.84    
   0.19     -0.2       0.64    
   0.19     -0.18      0.63    
   0.18     -0.25      0.84    
   0.16     -0.16      0.29    
   0.14     -0.16      0.25    
   0.089    -0.15      0.048   
   0.089    -0.15      0.048   
   0.12     -0.15      0.02    
   0.12     -0.15      0.02    
   0.19     -0.024     1.3     
   0.17     -0.027     1.2     
   0.18     -0.022     1.4     
   0.16      0.18      1.4     
   0.16      0.18      1.4     
   0.18      0.19      1.4     
   0.18      0.19      1.4     
   0.17      0.18      1.2     
   0.17      0.18      1.2     
   0.19      0.27      1.1     
   0.19      0.27      1.1     
   0.2       0.38      1.1     
   0.2       0.38      1.1     
   0.2       0.44      1.1     
   0.2       0.44      1.1     
   0.2       0.47      1.1     
   0.19      0.56      1.1     
   0.19      0.56      1.1     
   0.21      0.56      1.1     
   0.21      0.56      1.1     
   0.22      0.57      1.1     
   0.22      0.57      1.1     
   0.22      0.59      1.2     
   0.22      0.59      1.2     
   0.23      0.61      1.2     
   0.23      0.61      1.2     
   0.19      0.64      1.1     
   0.19      0.64      1.1     
   0.19      0.68      1.1     
   0.19      0.68      1.1     
   0.19      0.64      1.1     
   0.19      0.64      1.1     
   0.19      0.68      1.1     
   0.19      0.68      1.1     
   0.19      0.64      1.1     
   0.19      0.64      1.1     
   0.19      0.68      1.1     
   0.19      0.68      1.1     
   0.19      0.64      1.1     
   0.19      0.64      1.1     
   0.19      0.68      1       
   0.19      0.68      1       
   0.17     -0.23      1.4     
   0.17     -0.23      1.4     
   0.19     -0.23      1.4     
   0.19     -0.23      1.4     
   0.18     -0.23      1.2     
   0.18     -0.23      1.2     
   0.2      -0.32      1.1     
   0.2      -0.32      1.1     
   0.22     -0.43      1.1     
   0.22     -0.43      1.1     
   0.22     -0.49      1.1     
   0.22     -0.49      1.1     
   0.22     -0.52      1.1     
   0.22     -0.61      1.1     
   0.22     -0.61      1.1     
   0.24     -0.61      1.1     
   0.24     -0.61      1.1     
   0.25     -0.62      1.2     
   0.25     -0.62      1.2     
   0.26     -0.64      1.2     
   0.26     -0.64      1.2     
   0.27     -0.66      1.2     
   0.27     -0.66      1.2     
   0.22     -0.7       1.1     
   0.22     -0.7       1.1     
   0.23     -0.73      1.1     
   0.23     -0.73      1.1     
   0.22     -0.7       1.1     
   0.22     -0.7       1.1     
   0.23     -0.74      1.1     
   0.23     -0.74      1.1     
   0.22     -0.7       1.1     
   0.22     -0.7       1.1     
   0.22     -0.74      1.1     
   0.22     -0.74      1.1     
   0.22     -0.7       1.1     
   0.22     -0.7       1.1     
   0.22     -0.73      1.1     
   0.22     -0.73      1.1     

GEOM_XMAT
   1         0         0         0         1         0         0         0         1       
   0.022    -1         0.024     0.016    -0.024    -1         1         0.022     0.015   
   1        -0.024     0.022     0.024     1         0.016    -0.022    -0.015     1       
  -0.0098   -1         0.021     0.96     -0.003     0.3      -0.3       0.023     0.96    
  -0.022    -0.0048    1        -0.016     1         0.0044   -1        -0.015    -0.022   
   0.91     -0.37      0.17      0.19      0.015    -0.98      0.36      0.93      0.083   
   0.92     -0.0048   -0.38      0.01      1         0.012     0.38     -0.015     0.92    
   0.016    -0.94     -0.35      1        -0.014     0.085    -0.085    -0.35      0.93    
   0.92     -0.38     -0.02      0.01      0.076    -1         0.38      0.92      0.074   
   0.02     -0.98      0.21      1         0.035     0.069    -0.074     0.21      0.97    
   0.99      0.02      0.14     -0.03      1         0.071    -0.14     -0.074     0.99    
   1         0.02     -0.047    -0.016     1         0.075     0.048    -0.074     1       
   1         0.02     -0.047    -0.016     1         0.075     0.048    -0.074     1       
   0.019    -0.019     1         0.05     -1        -0.02      1         0.051    -0.018   
   0.019    -0.019     1         0.05     -1        -0.02      1         0.051    -0.018   
  -0.064    -1         0.043     0.96     -0.073    -0.26      0.27      0.024     0.96    
  -0.022    -0.072     1        -0.016     1         0.072    -1        -0.014    -0.023   
   0.99     -0.057    -0.11     -0.11      0.0078   -0.99      0.057     1         0.0017  
   0.99     -0.072    -0.073     0.073     1         0.0087    0.072    -0.014     1       
  -0.07     -1        -0.027     1        -0.068    -0.07      0.068    -0.032     1       
   0.99     -0.068     0.077     0.073    -0.064    -1         0.072     1        -0.059   
  -0.077    -0.94      0.34      1        -0.092    -0.03      0.059     0.33      0.94    
   0.96     -0.077     0.27      0.09      1        -0.036    -0.27      0.059     0.96    
   1        -0.077    -0.001     0.077     1        -0.059     0.0056    0.059     1       
   1        -0.077    -0.001     0.077     1        -0.059     0.0056    0.059     1       
   0.058     0.078     1         0.025    -1         0.077     1         0.02     -0.06    
   0.058     0.078     1         0.025    -1         0.077     1         0.02     -0.06    
   0.99     -0.025     0.098     0.023     1         0.018    -0.098    -0.015     1       
   1        -0.024     0.022     0.024     1         0.016    -0.022    -0.015     1       
   0.02     -0.06      1        -0.00051  -1        -0.06      1         0.00067  -0.02    
   1         0.033     0.024     0.027    -0.1      -0.99     -0.031     0.99     -0.1     
   1         0.033     0.024     0.027    -0.1      -0.99     -0.031     0.99     -0.1     
   0.94     -0.025     0.33      0.019     1         0.022    -0.33     -0.015     0.94    
   0.94     -0.025     0.33      0.019     1         0.022    -0.33     -0.015     0.94    
  -0.088    -1        -0.026     0.99     -0.089     0.054    -0.056    -0.021     1       
  -0.088    -1        -0.026     0.99     -0.089     0.054    -0.056    -0.021     1       
  -0.96      0.057     0.28      0.28      0.13      0.95      0.018     0.99     -0.14    
  -0.96      0.057     0.28      0.28      0.13      0.95      0.018     0.99     -0.14    
   0.021    -0.59      0.81      0.016    -0.81     -0.59      1         0.025    -0.0079  
   0.021    -0.59      0.81      0.016    -0.81     -0.59      1         0.025    -0.0079  
  -0.23     -0.97     -0.061     0.95     -0.21     -0.24      0.22     -0.11      0.97    
  -0.23     -0.97     -0.061     0.95     -0.21     -0.24      0.22     -0.11      0.97    
  -1         0.024     0.022    -0.024    -1        -0.016     0.022    -0.017     1       
  -1        -0.03     -0.05     -0.051     0.032     1        -0.029     1        -0.033   
  -1        -0.03     -0.05     -0.051     0.032     1        -0.029     1        -0.033   
   0.92     -0.16      0.37      0.046     0.95      0.31     -0.4      -0.27      0.88    
   0.92     -0.16      0.37      0.046     0.95      0.31     -0.4      -0.27      0.88    
   0.98     -0.14      0.14      0.022     0.78      0.63     -0.19     -0.61      0.77    
   0.98     -0.14      0.14      0.022     0.78      0.63     -0.19     -0.61      0.77    
   0.98     -0.15      0.12      0.021     0.7       0.72     -0.19     -0.7       0.69    
   0.98     -0.15      0.12      0.021     0.7       0.72     -0.19     -0.7       0.69    
   0.98     -0.15      0.12      0.023     0.71      0.71     -0.19     -0.69      0.7     
   0.98     -0.15      0.12      0.023     0.71      0.71     -0.19     -0.69      0.7     
   0.022     1        -0.0068   -0.019     0.0072    1         1        -0.022     0.019   
   0.022     1        -0.0068   -0.019     0.0072    1         1        -0.022     0.019   
   0.022     1         0.084    -0.019    -0.083     1         1        -0.024     0.017   
   0.022     1         0.084    -0.019    -0.083     1         1        -0.024     0.017   
   0.021     1        -0.0075    0.016     0.0072    1         1        -0.022    -0.015   
   0.021     1        -0.0075    0.016     0.0072    1         1        -0.022    -0.015   
   0.022     1         0.093     0.015    -0.094     1         1        -0.021    -0.017   
   0.022     1         0.093     0.015    -0.094     1         1        -0.021    -0.017   
   0.02      1        -0.0086    0.068     0.0072    1         1        -0.021    -0.068   
   0.02      1        -0.0086    0.068     0.0072    1         1        -0.021    -0.068   
   0.02      1         0.082     0.068    -0.083     0.99      1        -0.015    -0.069   
   0.02      1         0.082     0.068    -0.083     0.99      1        -0.015    -0.069   
   0.019     1        -0.0096    0.12      0.0073    0.99      0.99     -0.02     -0.12    
   0.019     1        -0.0096    0.12      0.0073    0.99      0.99     -0.02     -0.12    
   0.018     1         0.072     0.12     -0.074     0.99      0.99     -0.0096   -0.12    
   0.018     1         0.072     0.12     -0.074     0.99      0.99     -0.0096   -0.12    
   1         0.027     0.024     0.02      0.13     -0.99     -0.03      0.99      0.13    
   1         0.027     0.024     0.02      0.13     -0.99     -0.03      0.99      0.13    
   0.94     -0.024     0.33      0.017     1         0.022    -0.33     -0.015     0.94    
   0.94     -0.024     0.33      0.017     1         0.022    -0.33     -0.015     0.94    
   0.039    -1        -0.024     1         0.04     -0.025     0.026    -0.023     1       
   0.039    -1        -0.024     1         0.04     -0.025     0.026    -0.023     1       
   0.94      0.063     0.32      0.33     -0.099    -0.94     -0.027     0.99     -0.11    
   0.94      0.063     0.32      0.33     -0.099    -0.94     -0.027     0.99     -0.11    
   0.021    -0.63     -0.78      0.016     0.78     -0.63      1         0.001     0.026   
   0.021    -0.63     -0.78      0.016     0.78     -0.63      1         0.001     0.026   
  -0.18      0.98     -0.074    -0.95     -0.16      0.27      0.25      0.12      0.96    
  -0.18      0.98     -0.074    -0.95     -0.16      0.27      0.25      0.12      0.96    
   1        -0.025     0.021     0.024     1         0.047    -0.022    -0.047     1       
  -1         0.03     -9.5e-05   0.00016   0.0023   -1        -0.03     -1        -0.0023  
  -1         0.03     -9.5e-05   0.00016   0.0023   -1        -0.03     -1        -0.0023  
   0.87     -0.15     -0.48     -0.016    -0.96      0.26     -0.5      -0.22     -0.84    
   0.87     -0.15     -0.48     -0.016    -0.96      0.26     -0.5      -0.22     -0.84    
   0.95      0.16      0.25      0.018     0.8      -0.59     -0.3       0.57      0.76    
   0.95      0.16      0.25      0.018     0.8      -0.59     -0.3       0.57      0.76    
   0.95      0.19      0.23      0.019     0.73     -0.69     -0.3       0.66      0.69    
   0.95      0.19      0.23      0.019     0.73     -0.69     -0.3       0.66      0.69    
   0.95      0.19      0.23      0.017     0.74     -0.68     -0.3       0.65      0.7     
   0.95      0.19      0.23      0.017     0.74     -0.68     -0.3       0.65      0.7     
   0.021     1        -0.048     0.05      0.047     1         1        -0.023    -0.049   
   0.021     1        -0.048     0.05      0.047     1         1        -0.023    -0.049   
   0.02      0.99     -0.14      0.05      0.14      0.99      1        -0.027    -0.047   
   0.02      0.99     -0.14      0.05      0.14      0.99      1        -0.027    -0.047   
   0.021     1        -0.041     0.016     0.041     1         1        -0.022    -0.015   
   0.021     1        -0.041     0.016     0.041     1         1        -0.022    -0.015   
   0.022     0.99     -0.14      0.016     0.14      0.99      1        -0.024    -0.012   
   0.022     0.99     -0.14      0.016     0.14      0.99      1        -0.024    -0.012   
   0.023     1        -0.04     -0.037     0.041     1         1        -0.021     0.038   
   0.023     1        -0.04     -0.037     0.041     1         1        -0.021     0.038   
   0.023     0.99     -0.13     -0.037     0.13      0.99      1        -0.018     0.04    
   0.023     0.99     -0.13     -0.037     0.13      0.99      1        -0.018     0.04    
   0.024     1        -0.039    -0.089     0.041     1         1        -0.02      0.09    
   0.024     1        -0.039    -0.089     0.041     1         1        -0.02      0.09    
   0.024     0.99     -0.12     -0.089     0.12      0.99      1        -0.013     0.091   
   0.024     0.99     -0.12     -0.089     0.12      0.99      1        -0.013     0.091   

SITE_XPOS
   0.13     -0.045     1.3     

SITE_XMAT
   1        -0.024     0.022     0.024     1         0.016    -0.022    -0.015     1       

LIGHT_XPOS
   1         0         3.5     

LIGHT_XDIR
   0         0        -1       

SUBTREE_COM
   0.18     -0.029     0.92    
   0.18     -0.029     0.92    
   0.22      0.09      0.6     
   0.24      0.1       0.55    
   0.26      0.097     0.46    
   0.29      0.086     0.25    
   0.28      0.07      0.042   
   0.29      0.07      0.039   
   0.17     -0.16      0.6     
   0.17     -0.17      0.54    
   0.17     -0.17      0.45    
   0.15     -0.16      0.23    
   0.12     -0.15      0.026   
   0.12     -0.15      0.023   
   0.18     -0.024     1.2     
   0.18      0.25      1.3     
   0.18      0.27      1.2     
   0.19      0.3       1.2     
   0.2       0.39      1.1     
   0.2       0.43      1.1     
   0.2       0.48      1.1     
   0.2       0.54      1.1     
   0.22      0.58      1.2     
   0.22      0.58      1.2     
   0.22      0.6       1.2     
   0.23      0.61      1.2     
   0.19      0.67      1.1     
   0.19      0.68      1.1     
   0.19      0.67      1.1     
   0.19      0.69      1.1     
   0.19      0.66      1.1     
   0.19      0.68      1.1     
   0.19      0.66      1.1     
   0.19      0.68      1       
   0.19     -0.3       1.3     
   0.2      -0.32      1.2     
   0.2      -0.36      1.2     
   0.22     -0.44      1.1     
   0.22     -0.48      1.1     
   0.22     -0.53      1.1     
   0.22     -0.59      1.1     
   0.25     -0.63      1.2     
   0.26     -0.63      1.2     
   0.26     -0.65      1.2     
   0.27     -0.66      1.2     
   0.22     -0.72      1.1     
   0.23     -0.74      1.1     
   0.22     -0.72      1.1     
   0.23     -0.74      1.1     
   0.22     -0.72      1.1     
   0.22     -0.74      1.1     
   0.22     -0.71      1.1     
   0.22     -0.73      1.1     

CDOF
   0         0         0         1         0         0       
   0         0         0         0         1         0       
   0         0         0         0         0         1       
   1         0.024    -0.022    -0.002     0.084    -0.0002  
  -0.024     1        -0.015    -0.085    -0.0023   -0.018   
   0.022     0.016     1        -0.0015    0.02     -0.00027 
   0.022     0.016     1         0.086     0.022    -0.0022  
  -0.0048    1        -0.015     0.078     1.7e-05  -0.023   
   0.92      0.01      0.38      0.062    -0.066    -0.15    
   0.02      1        -0.074     0.44      0.00077   0.13    
   0.02      1        -0.074     0.83     -0.011     0.069   
   1        -0.017     0.033    -0.012    -0.87     -0.1     
   0.022     0.016     1        -0.089     0.018     0.0016  
  -0.072     1        -0.014     0.078     0.0053   -0.026   
   0.99      0.073     0.072    -0.0065   -0.075     0.16    
  -0.077     1         0.059     0.46      0.036     0.0025  
  -0.077     1         0.059     0.85      0.072    -0.1     
   1         0.078    -0.009     0.07     -0.88      0.12    

CINERT
   0         0         0         0         0         0         0         0         0         0       
   0.058     0.02      0.055     0.00085   0.0044    0.00088  -0.12     -0.0056    0.23      6       
   0.029     0.022     0.015     0.0038   -0.0048    0.012    -0.066     0.17     -0.21      2.8     
   0.096     0.027     0.078     0.014    -0.0072    0.038    -0.091     0.45     -0.24      2.9     
   0.46      0.39      0.12     -0.036     0.082     0.17      0.27      0.68     -1.3       5       
   1.5       1.5       0.1      -0.048     0.24      0.28      0.4       0.45     -2.4       3.8     
   0.076     0.075     0.0016   -0.00073   0.0062    0.0088    0.0073    0.01     -0.087     0.1     
   0.58      0.59      0.019    -0.0075    0.067     0.065     0.076     0.074    -0.66      0.75    
   0.03      0.021     0.016    -0.0039   -0.0042   -0.012    -0.059    -0.18     -0.2       2.8     
   0.099     0.022     0.082    -0.01     -0.0048   -0.036    -0.064    -0.47     -0.22      2.9     
   0.51      0.41      0.11      0.0022    0.0052   -0.19      0.014    -0.72     -1.3       5       
   1.7       1.6       0.081    -0.016    -0.088    -0.33     -0.12     -0.51     -2.4       3.8     
   0.079     0.078     0.0025   -0.0012   -0.0085   -0.011    -0.0097   -0.013    -0.089     0.1     
   0.61      0.61      0.018    -0.0062   -0.044    -0.082    -0.049    -0.091    -0.67      0.75    
   2         1.9       0.13      0.0026    0.061    -0.035    -0.23      0.1       5.2       18      
   0.41      0.35      0.062     0.003     0.0072   -0.15     -0.014     0.28      0.68      1.3     
   0.3       0.24      0.065     0.0038    0.0067   -0.12     -0.018     0.3       0.57      1.4     
   0.28      0.21      0.07      0.0039    0.0069   -0.12     -0.018     0.32      0.55      1.5     
   0.094     0.022     0.072    -0.0027   -0.0013   -0.039     0.0077    0.22      0.12      0.69    
   0.13      0.021     0.11     -0.0043   -0.0019   -0.047     0.011     0.27      0.12      0.68    
   0.12      0.014     0.11     -0.0026   -0.00094  -0.038     0.0056    0.23      0.082     0.48    
   0.088     0.0079    0.08     -0.0016   -0.0005   -0.025     0.0029    0.15      0.045     0.27    
   0.00072   7.3e-05   0.00065  -3e-05    -9.8e-06  -0.00022   5e-05     0.0011    0.00037   0.0019  
   0.0027    0.00034   0.0024   -0.00013  -4.8e-05  -0.00088   0.00021   0.004     0.0015    0.0066  
   0.0017    0.00025   0.0015   -8.9e-05  -3.6e-05  -0.00059   0.00014   0.0023    0.00096   0.0038  
   0.0016    0.00026   0.0014   -8.8e-05  -3.8e-05  -0.00058   0.00014   0.0021    0.00091   0.0033  
   0.0021    0.00016   0.0019   -1.6e-05  -4.7e-06  -0.00056   2.4e-05   0.0029    0.00083   0.0042  
   0.0025    0.00018   0.0023   -2.1e-05  -5.7e-06  -0.00064   2.9e-05   0.0033    0.0009    0.0046  
   0.0021    0.00013   0.0019   -1.5e-05  -3.9e-06  -0.0005    2.2e-05   0.0029    0.00075   0.0042  
   0.0027    0.00015   0.0026   -2.2e-05  -5.4e-06  -0.00063   3.1e-05   0.0036    0.00088   0.005   
   0.002     0.0001    0.0019   -1.4e-05  -3.2e-06  -0.00044   2.1e-05   0.0029    0.00066   0.0042  
   0.0024    0.00011   0.0023   -1.8e-05  -3.8e-06  -0.0005    2.5e-05   0.0033    0.0007    0.0046  
   0.002     7.9e-05   0.0019   -1.3e-05  -2.6e-06  -0.00039   1.9e-05   0.0028    0.00058   0.0042  
   0.0019    6.3e-05   0.0018   -1.2e-05  -2.2e-06  -0.00034   1.7e-05   0.0025    0.00048   0.0036  
   0.41      0.36      0.054    -8.6e-05   0.00028   0.14     -0.00055  -0.27      0.69      1.3     
   0.3       0.24      0.059    -0.00071   0.0009    0.12     -0.0034   -0.28      0.58      1.4     
   0.28      0.22      0.065    -0.0006    0.0012    0.12     -0.003    -0.31      0.56      1.5     
   0.094     0.024     0.071     0.0061   -0.0034    0.041     0.018    -0.22      0.13      0.69    
   0.13      0.024     0.11      0.0082   -0.0038    0.05      0.021    -0.27      0.13      0.68    
   0.12      0.017     0.11      0.0078   -0.0031    0.041     0.017    -0.23      0.089     0.48    
   0.088     0.0098    0.079     0.0055   -0.0019    0.027     0.01     -0.14      0.049     0.27    
   0.00072   9.1e-05   0.00064   6.1e-05  -2.2e-05   0.00023   0.00011  -0.0011    0.0004    0.0019  
   0.0027    0.00041   0.0023    0.00025  -0.0001    0.00094   0.00043  -0.0039    0.0016    0.0066  
   0.0017    0.0003    0.0014    0.00017  -7.7e-05   0.00062   0.00028  -0.0023    0.001     0.0038  
   0.0016    0.0003    0.0013    0.00017  -7.9e-05   0.00061   0.00027  -0.0021    0.00097   0.0033  
   0.0021    0.0002    0.0019    0.00011  -3.5e-05   0.00061   0.00016  -0.0028    0.00091   0.0042  
   0.0025    0.00022   0.0023    0.00013  -4.1e-05   0.0007    0.00019  -0.0032    0.00099   0.0046  
   0.0021    0.00017   0.0019    0.00011  -3.2e-05   0.00056   0.00016  -0.0028    0.00083   0.0042  
   0.0027    0.0002    0.0025    0.00015  -4e-05     0.0007    0.00021  -0.0036    0.00099   0.005   
   0.002     0.00014   0.0019    0.00011  -2.8e-05   0.0005    0.00016  -0.0028    0.00075   0.0042  
   0.0024    0.00015   0.0023    0.00013  -3.2e-05   0.00056   0.00018  -0.0032    0.0008    0.0046  
   0.002     0.00011   0.0019    0.0001   -2.5e-05   0.00044   0.00016  -0.0028    0.00066   0.0042  
   0.0019    9e-05     0.0018    9.9e-05  -2.2e-05   0.00039   0.00014  -0.0025    0.00055   0.0036  

ACTUATOR_LENGTH
  -0.02    
  -0.41    
  -0.064   
   0.54    
  -0.18    
   0.024   
   0.048   
  -0.095   
   0.073   
   0.34    
  -0.26    
  -0.079   

ACTUATOR_MOMENT
   0         0         0         0         0         0         1         0         0         0         0         0         0         0         0         0         0         0       
   0         0         0         0         0         0         0         1         0         0         0         0         0         0         0         0         0         0       
   0         0         0         0         0         0         0         0         1         0         0         0         0         0         0         0         0         0       
   0         0         0         0         0         0         0         0         0         1         0         0         0         0         0         0         0         0       
   0         0         0         0         0         0         0         0         0         0         1         0         0         0         0         0         0         0       
   0         0         0         0         0         0         0         0         0         0         0         1         0         0         0         0         0         0       
   0         0         0         0         0         0         0         0         0         0         0         0         1         0         0         0         0         0       
   0         0         0         0         0         0         0         0         0         0         0         0         0         1         0         0         0         0       
   0         0         0         0         0         0         0         0         0         0         0         0         0         0         1         0         0         0       
   0         0         0         0         0         0         0         0         0         0         0         0         0         0         0         1         0         0       
   0         0         0         0         0         0         0         0         0         0         0         0         0         0         0         0         1         0       
   0         0         0         0         0         0         0         0         0         0         0         0         0         0         0         0         0         1       

CRB
   0         0         0         0         0         0         0         0         0         0       
   11        9.1       2        -0.08      0.31     -0.12     -1.3e-15  -2.2e-16  -3.6e-15   67      
   2.8       2.6       0.34     -0.074     0.39      0.57      0.6       1.8      -4.8       15      
   2.8       2.6       0.32     -0.078     0.39      0.56      0.66      1.7      -4.6       13      
   2.7       2.6       0.24     -0.092     0.4       0.52      0.76      1.2      -4.4       9.6     
   2.2       2.2       0.12     -0.056     0.32      0.35      0.49      0.54     -3.1       4.7     
   0.66      0.66      0.02     -0.0082    0.073     0.073     0.084     0.084    -0.74      0.85    
   0.58      0.59      0.019    -0.0075    0.067     0.065     0.076     0.074    -0.66      0.75    
   3         2.7       0.31     -0.036    -0.14     -0.66     -0.29     -2        -5         15      
   3         2.7       0.3      -0.032    -0.14     -0.65     -0.23     -1.8      -4.8       13      
   2.9       2.7       0.21     -0.021    -0.14     -0.61     -0.17     -1.3      -4.5       9.6     
   2.4       2.3       0.1      -0.024    -0.14     -0.42     -0.18     -0.62     -3.2       4.7     
   0.69      0.68      0.021    -0.0074   -0.052    -0.093    -0.059    -0.1      -0.76      0.85    
   0.61      0.61      0.018    -0.0062   -0.044    -0.082    -0.049    -0.091    -0.67      0.75    
   4.9       3.7       1.3       0.029     0.067    -0.039    -0.19      0.16      9.6       31      
   1.4       0.86      0.59     -0.001     0.016    -0.54     -0.022     1.8       2.2       6.4     
   1         0.51      0.53     -0.004     0.0088   -0.4      -0.0084    1.5       1.5       5.1     
   0.74      0.28      0.46     -0.0078    0.0021   -0.27      0.0093    1.2       0.93      3.7     
   0.46      0.066     0.39     -0.012    -0.0048   -0.16      0.028     0.9       0.38      2.2     
   0.36      0.045     0.32     -0.009    -0.0035   -0.12      0.02      0.68      0.25      1.5     
   0.23      0.024     0.21     -0.0047   -0.0016   -0.069     0.0093    0.41      0.14      0.8     
   0.11      0.0098    0.1      -0.0021   -0.00066  -0.031     0.0037    0.18      0.055     0.32    
   0.0067    0.00091   0.0058   -0.00033  -0.00013  -0.0023    0.00054   0.0095    0.0037    0.016   
   0.006     0.00084   0.0052   -0.0003   -0.00012  -0.0021    0.00049   0.0084    0.0033    0.014   
   0.0033    0.0005    0.0028   -0.00018  -7.4e-05  -0.0012    0.00028   0.0045    0.0019    0.0071  
   0.0016    0.00026   0.0014   -8.8e-05  -3.8e-05  -0.00058   0.00014   0.0021    0.00091   0.0033  
   0.0046    0.00034   0.0042   -3.7e-05  -1e-05    -0.0012    5.3e-05   0.0061    0.0017    0.0088  
   0.0025    0.00018   0.0023   -2.1e-05  -5.7e-06  -0.00064   2.9e-05   0.0033    0.0009    0.0046  
   0.0048    0.00029   0.0045   -3.7e-05  -9.3e-06  -0.0011    5.3e-05   0.0065    0.0016    0.0093  
   0.0027    0.00015   0.0026   -2.2e-05  -5.4e-06  -0.00063   3.1e-05   0.0036    0.00088   0.005   
   0.0044    0.00021   0.0042   -3.1e-05  -7e-06    -0.00094   4.5e-05   0.0061    0.0014    0.0088  
   0.0024    0.00011   0.0023   -1.8e-05  -3.8e-06  -0.0005    2.5e-05   0.0033    0.0007    0.0046  
   0.0039    0.00014   0.0037   -2.5e-05  -4.8e-06  -0.00072   3.6e-05   0.0054    0.0011    0.0078  
   0.0019    6.3e-05   0.0018   -1.2e-05  -2.2e-06  -0.00034   1.7e-05   0.0025    0.00048   0.0036  
   1.5       0.9       0.56      0.028    -0.01      0.54      0.061    -1.8       2.2       6.4     
   1         0.54      0.51      0.028    -0.011     0.4       0.062    -1.5       1.5       5.1     
   0.74      0.29      0.45      0.029    -0.011     0.28      0.065    -1.2       0.97      3.7     
   0.46      0.078     0.39      0.029    -0.013     0.17      0.068    -0.89      0.4       2.2     
   0.37      0.053     0.32      0.023    -0.0093    0.13      0.05     -0.67      0.28      1.5     
   0.23      0.029     0.21      0.015    -0.0055    0.075     0.029    -0.4       0.15      0.8     
   0.11      0.012     0.1       0.0071   -0.0024    0.034     0.012    -0.18      0.06      0.32    
   0.0067    0.0011    0.0058    0.00066  -0.00028   0.0024    0.0011   -0.0094    0.004     0.016   
   0.006     0.001     0.0051    0.0006   -0.00026   0.0022    0.00098  -0.0083    0.0036    0.014   
   0.0033    0.0006    0.0028    0.00034  -0.00016   0.0012    0.00056  -0.0044    0.002     0.0071  
   0.0016    0.0003    0.0013    0.00017  -7.9e-05   0.00061   0.00027  -0.0021    0.00097   0.0033  
   0.0046    0.00043   0.0042    0.00024  -7.6e-05   0.0013    0.00035  -0.0061    0.0019    0.0088  
   0.0025    0.00022   0.0023    0.00013  -4.1e-05   0.0007    0.00019  -0.0032    0.00099   0.0046  
   0.0048    0.00037   0.0045    0.00025  -7.2e-05   0.0013    0.00037  -0.0064    0.0018    0.0093  
   0.0027    0.0002    0.0025    0.00015  -4e-05     0.0007    0.00021  -0.0036    0.00099   0.005   
   0.0045    0.00028   0.0042    0.00024  -6e-05     0.0011    0.00034  -0.0061    0.0015    0.0088  
   0.0024    0.00015   0.0023    0.00013  -3.2e-05   0.00056   0.00018  -0.0032    0.0008    0.0046  
   0.0039    0.0002    0.0037    0.0002   -4.6e-05   0.00083   0.0003   -0.0054    0.0012    0.0078  
   0.0019    9e-05     0.0018    9.9e-05  -2.2e-05   0.00039   0.00014  -0.0025    0.00055   0.0036  

QM
   67        0         0        -0.14     -5.7      -0.1      -0.59     -3.6       0.089    -1        -0.027     0.00023   0.54     -3.8      -0.3      -0.98     -0.028    -0.00093 
   0         67        0         5.7      -0.16      1.3       1        -0.032     3.7       0.029    -0.0012    0.012     0.086    -0.27      3.8      -0.09     -0.0009    0.012   
   0         0         67       -0.014    -1.2      -0.018    -0.0035   -0.96     -0.32      0.12     -0.023    -0.0006   -0.013     0.039     0.27      0.24     -0.022    -0.00024 
  -0.14      5.7      -0.014     11       -0.13      0.61      0.63     -0.086     2.5       0.054    -0.0026    0.012     0.0028   -0.12      2.6      -0.085     0.0023    0.012   
  -5.7      -0.16     -1.2      -0.13      9.6      -0.022     0.23      2.6      -0.088     0.82      0.032    -0.00047  -0.22      2.7       0.15      0.85      0.03      0.00066 
  -0.1       1.3      -0.018     0.61     -0.022     2         0.24      0.46      0.46      0.13      0.0027    0.0018    0.11     -0.46     -0.033    -0.11     -0.0027   -0.00025 
  -0.59      1        -0.0035    0.63      0.23      0.24      0.21      0.15      0.48      0.038     0.00038   0.0019    0         0         0         0         0         0       
  -3.6      -0.032    -0.96     -0.086     2.6       0.46      0.15      2        -0.021     0.66      0.028    -0.00018   0         0         0         0         0         0       
   0.089     3.7      -0.32      2.5      -0.088     0.46      0.48     -0.021     1.9       1.7e-05  -9e-06     0.01      0         0         0         0         0         0       
  -1         0.029     0.12      0.054     0.82      0.13      0.038     0.66      1.7e-05   0.32      0.015     7.8e-06   0         0         0         0         0         0       
  -0.027    -0.0012   -0.023    -0.0026    0.032     0.0027    0.00038   0.028    -9e-06     0.015     0.015    -1.2e-05   0         0         0         0         0         0       
   0.00023   0.012    -0.0006    0.012    -0.00047   0.0018    0.0019   -0.00018   0.01      7.8e-06  -1.2e-05   0.011     0         0         0         0         0         0       
   0.54      0.086    -0.013     0.0028   -0.22      0.11      0         0         0         0         0         0         0.077    -0.13     -0.014    -0.025    -0.00026  -0.00019 
  -3.8      -0.27      0.039    -0.12      2.7      -0.46      0         0         0         0         0         0        -0.13      2.1       0.015     0.69      0.025     6e-05   
  -0.3       3.8       0.27      2.6       0.15     -0.033     0         0         0         0         0         0        -0.014     0.015     2        -4.1e-05   3.9e-05   0.01    
  -0.98     -0.09      0.24     -0.085     0.85     -0.11      0         0         0         0         0         0        -0.025     0.69     -4.1e-05   0.32      0.014    -5.7e-05 
  -0.028    -0.0009   -0.022     0.0023    0.03     -0.0027    0         0         0         0         0         0        -0.00026   0.025     3.9e-05   0.014     0.015     4.1e-05 
  -0.00093   0.012    -0.00024   0.012     0.00066  -0.00025   0         0         0         0         0         0        -0.00019   6e-05     0.01     -5.7e-05   4.1e-05   0.011   

QLD
   43       -0.0071   -0.034    -0.04      1.6      -0.077    -4.1      -2.4       0.046    -3.2      -1.8       0.021     3.5      -3        -0.15     -3.1      -1.9      -0.086   
  -0.0071    49       -0.0083   -0.86      0.036     0.12      1.7      -0.082     1.9       0.098    -0.077     1.1       1.4      -0.19      1.9      -0.29     -0.062     1.1     
  -0.034    -0.0083    64       -0.062     0.0048    0.08      2.6      -1.9      -0.16      0.46     -1.5      -0.056    -0.93     -0.88      0.13      0.86     -1.4      -0.022   
  -0.04     -0.86     -0.062     4.6       0.014     0.0085    0.58     -0.27      1.3       0.19     -0.17      1.1       0.32      0.083     1.3      -0.28      0.15      1.1     
   1.6       0.036     0.0048    0.014     2.7      -0.00087   0.69      1.4      -0.045     2.6       2.2      -0.043    -0.61      1.5       0.072     2.7       2         0.061   
  -0.077     0.12      0.08      0.0085   -0.00087   1.5       1.2       0.32      0.24      0.4       0.18      0.17      1.2      -0.4      -0.016    -0.36     -0.18     -0.023   
  -4.1       1.7       2.6       0.58      0.69      1.2       0.076     0.11      0.25      0.12      0.025     0.17      0         0         0         0         0         0       
  -2.4      -0.082    -1.9      -0.27      1.4       0.32      0.11      0.64     -0.011     2.1       1.9      -0.017     0         0         0         0         0         0       
   0.046     1.9      -0.16      1.3      -0.045     0.24      0.25     -0.011     1.9       2.6e-05   0.00015   0.93      0         0         0         0         0         0       
  -3.2       0.098     0.46      0.19      2.6       0.4       0.12      2.1       2.6e-05   0.3       0.96      0.00072   0         0         0         0         0         0       
  -1.8      -0.077    -1.5      -0.17      2.2       0.18      0.025     1.9       0.00015   0.96      0.015    -0.0011    0         0         0         0         0         0       
   0.021     1.1      -0.056     1.1      -0.043     0.17      0.17     -0.017     0.93      0.00072  -0.0011    0.011     0         0         0         0         0         0       
   3.5       1.4      -0.93      0.32     -0.61      1.2       0         0         0         0         0         0         0.064    -0.14     -0.007    -0.08     -0.017    -0.018   
  -3        -0.19     -0.88      0.083     1.5      -0.4       0         0         0         0         0         0        -0.14      0.56      0.0074    2.2       1.7       0.0055  
  -0.15      1.9       0.13      1.3       0.072    -0.016     0         0         0         0         0         0        -0.007     0.0074    2         4.7e-05  -9.1e-06   0.96    
  -3.1      -0.29      0.86     -0.28      2.7      -0.36      0         0         0         0         0         0        -0.08      2.2       4.7e-05   0.3       0.9      -0.0053  
  -1.9      -0.062    -1.4       0.15      2        -0.18      0         0         0         0         0         0        -0.017     1.7      -9.1e-06   0.9       0.015     0.0037  
  -0.086     1.1      -0.022     1.1       0.061    -0.023     0         0         0         0         0         0        -0.018     0.0055    0.96     -0.0053    0.0037    0.011   

QLDIAGINV
   0.023   
   0.02    
   0.016   
   0.22    
   0.37    
   0.67    
   13      
   1.6     
   0.52    
   3.3     
   66      
   92      
   16      
   1.8     
   0.49    
   3.3     
   66      
   92      

QLDIAGSQRTINV
   0.15    
   0.14    
   0.13    
   0.46    
   0.61    
   0.82    
   3.6     
   1.3     
   0.72    
   1.8     
   8.1     
   9.6     
   3.9     
   1.3     
   0.7     
   1.8     
   8.1     
   9.6     

B_rownnz              18 18 12 12 12 12 12 12 12 12 12 12 12 12 6 6 6 6 6 6 6 6 6 6 6 6 6 6 6 6 6 6 6 6 6 6 6 6 6 6 6 6 6 6 6 6 6 6 6 6 6 6 6

B_rowadr              0 18 36 48 60 72 84 96 108 120 132 144 156 168 180 186 192 198 204 210 216 222 228 234 240 246 252 258 264 270 276 282 288 294 300 306 312 318 324 330 336 342 348 354 360 366 372 378 384 390 396 402 408

B_colind              0 1 2 3 4 5 6 7 8 9 10 11 12 13 14 15 16 17 0 1 2 3 4 5 6 7 8 9 10 11 12 13 14 15 16 17 0 1 2 3 4 5 6 7 8 9 10 11 0 1 2 3 4 5 6 7 8 9 10 11 0 1 2 3 4 5 6 7 8 9 10 11 0 1 2 3 4 5 6 7 8 9 10 11 0 1 2 3 4 5 6 7 8 9 10 11 0 1 2 3 4 5 6 7 8 9 10 11 0 1 2 3 4 5 12 13 14 15 16 17 0 1 2 3 4 5 12 13 14 15 16 17 0 1 2 3 4 5 12 13 14 15 16 17 0 1 2 3 4 5 12 13 14 15 16 17 0 1 2 3 4 5 12 13 14 15 16 17 0 1 2 3 4 5 12 13 14 15 16 17 0 1 2 3 4 5 0 1 2 3 4 5 0 1 2 3 4 5 0 1 2 3 4 5 0 1 2 3 4 5 0 1 2 3 4 5 0 1 2 3 4 5 0 1 2 3 4 5 0 1 2 3 4 5 0 1 2 3 4 5 0 1 2 3 4 5 0 1 2 3 4 5 0 1 2 3 4 5 0 1 2 3 4 5 0 1 2 3 4 5 0 1 2 3 4 5 0 1 2 3 4 5 0 1 2 3 4 5 0 1 2 3 4 5 0 1 2 3 4 5 0 1 2 3 4 5 0 1 2 3 4 5 0 1 2 3 4 5 0 1 2 3 4 5 0 1 2 3 4 5 0 1 2 3 4 5 0 1 2 3 4 5 0 1 2 3 4 5 0 1 2 3 4 5 0 1 2 3 4 5 0 1 2 3 4 5 0 1 2 3 4 5 0 1 2 3 4 5 0 1 2 3 4 5 0 1 2 3 4 5 0 1 2 3 4 5 0 1 2 3 4 5 0 1 2 3 4 5 0 1 2 3 4 5

C_rownnz              18 18 18 18 18 18 12 12 12 12 12 12 12 12 12 12 12 12

C_rowadr              0 18 36 54 72 90 108 120 132 144 156 168 180 192 204 216 228 240

C_colind              0 1 2 3 4 5 6 7 8 9 10 11 12 13 14 15 16 17 0 1 2 3 4 5 6 7 8 9 10 11 12 13 14 15 16 17 0 1 2 3 4 5 6 7 8 9 10 11 12 13 14 15 16 17 0 1 2 3 4 5 6 7 8 9 10 11 12 13 14 15 16 17 0 1 2 3 4 5 6 7 8 9 10 11 12 13 14 15 16 17 0 1 2 3 4 5 6 7 8 9 10 11 12 13 14 15 16 17 0 1 2 3 4 5 6 7 8 9 10 11 0 1 2 3 4 5 6 7 8 9 10 11 0 1 2 3 4 5 6 7 8 9 10 11 0 1 2 3 4 5 6 7 8 9 10 11 0 1 2 3 4 5 6 7 8 9 10 11 0 1 2 3 4 5 6 7 8 9 10 11 0 1 2 3 4 5 12 13 14 15 16 17 0 1 2 3 4 5 12 13 14 15 16 17 0 1 2 3 4 5 12 13 14 15 16 17 0 1 2 3 4 5 12 13 14 15 16 17 0 1 2 3 4 5 12 13 14 15 16 17 0 1 2 3 4 5 12 13 14 15 16 17

mapM2C                0 2 5 9 14 20 27 35 44 54 65 77 84 92 101 111 122 134 2 1 4 8 13 19 26 34 43 53 64 76 83 91 100 110 121 133 5 4 3 7 12 18 25 33 42 52 63 75 82 90 99 109 120 132 9 8 7 6 11 17 24 32 41 51 62 74 81 89 98 108 119 131 14 13 12 11 10 16 23 31 40 50 61 73 80 88 97 107 118 130 20 19 18 17 16 15 22 30 39 49 60 72 79 87 96 106 117 129 27 26 25 24 23 22 21 29 38 48 59 71 35 34 33 32 31 30 29 28 37 47 58 70 44 43 42 41 40 39 38 37 36 46 57 69 54 53 52 51 50 49 48 47 46 45 56 68 65 64 63 62 61 60 59 58 57 56 55 67 77 76 75 74 73 72 71 70 69 68 67 66 84 83 82 81 80 79 78 86 95 105 116 128 92 91 90 89 88 87 86 85 94 104 115 127 101 100 99 98 97 96 95 94 93 103 114 126 111 110 109 108 107 106 105 104 103 102 113 125 122 121 120 119 118 117 116 115 114 113 112 124 134 133 132 131 130 129 128 127 126 125 124 123

D_rownnz              18 18 18 18 18 18 12 12 12 12 12 12 12 12 12 12 12 12

D_rowadr              0 18 36 54 72 90 108 120 132 144 156 168 180 192 204 216 228 240

D_colind              0 1 2 3 4 5 6 7 8 9 10 11 12 13 14 15 16 17 0 1 2 3 4 5 6 7 8 9 10 11 12 13 14 15 16 17 0 1 2 3 4 5 6 7 8 9 10 11 12 13 14 15 16 17 0 1 2 3 4 5 6 7 8 9 10 11 12 13 14 15 16 17 0 1 2 3 4 5 6 7 8 9 10 11 12 13 14 15 16 17 0 1 2 3 4 5 6 7 8 9 10 11 12 13 14 15 16 17 0 1 2 3 4 5 6 7 8 9 10 11 0 1 2 3 4 5 6 7 8 9 10 11 0 1 2 3 4 5 6 7 8 9 10 11 0 1 2 3 4 5 6 7 8 9 10 11 0 1 2 3 4 5 6 7 8 9 10 11 0 1 2 3 4 5 6 7 8 9 10 11 0 1 2 3 4 5 12 13 14 15 16 17 0 1 2 3 4 5 12 13 14 15 16 17 0 1 2 3 4 5 12 13 14 15 16 17 0 1 2 3 4 5 12 13 14 15 16 17 0 1 2 3 4 5 12 13 14 15 16 17 0 1 2 3 4 5 12 13 14 15 16 17

mapM2D                0 2 5 9 14 20 27 35 44 54 65 77 84 92 101 111 122 134 2 1 4 8 13 19 26 34 43 53 64 76 83 91 100 110 121 133 5 4 3 7 12 18 25 33 42 52 63 75 82 90 99 109 120 132 9 8 7 6 11 17 24 32 41 51 62 74 81 89 98 108 119 131 14 13 12 11 10 16 23 31 40 50 61 73 80 88 97 107 118 130 20 19 18 17 16 15 22 30 39 49 60 72 79 87 96 106 117 129 27 26 25 24 23 22 21 29 38 48 59 71 35 34 33 32 31 30 29 28 37 47 58 70 44 43 42 41 40 39 38 37 36 46 57 69 54 53 52 51 50 49 48 47 46 45 56 68 65 64 63 62 61 60 59 58 57 56 55 67 77 76 75 74 73 72 71 70 69 68 67 66 84 83 82 81 80 79 78 86 95 105 116 128 92 91 90 89 88 87 86 85 94 104 115 127 101 100 99 98 97 96 95 94 93 103 114 126 111 110 109 108 107 106 105 104 103 102 113 125 122 121 120 119 118 117 116 115 114 113 112 124 134 133 132 131 130 129 128 127 126 125 124 123

mapD2M                0 19 18 38 37 36 57 56 55 54 76 75 74 73 72 95 94 93 92 91 90 114 113 112 111 110 109 108 127 126 125 124 123 122 121 120 140 139 138 137 136 135 134 133 132 153 152 151 150 149 148 147 146 145 144 166 165 164 163 162 161 160 159 158 157 156 179 178 177 176 175 174 173 172 171 170 169 168 186 185 184 183 182 181 180 199 198 197 196 195 194 193 192 212 211 210 209 208 207 206 205 204 225 224 223 222 221 220 219 218 217 216 238 237 236 235 234 233 232 231 230 229 228 251 250 249 248 247 246 245 244 243 242 241 240

QDERIV
   0         0         0         0         0         0         0         0         0         0         0         0         0         0         0         0         0         0       
   0         0         0         0         0         0         0         0         0         0         0         0         0         0         0         0         0         0       
   0         0         0         0         0         0         0         0         0         0         0         0         0         0         0         0         0         0       
   0         0         0         0         0         0         0         0         0         0         0         0         0         0         0         0         0         0       
   0         0         0         0         0         0         0         0         0         0         0         0         0         0         0         0         0         0       
   0         0         0         0         0         0         0         0         0         0         0         0         0         0         0         0         0         0       
   0         0         0         0         0         0         0         0         0         0         0         0         0         0         0         0         0         0       
   0         0         0         0         0         0         0         0         0         0         0         0         0         0         0         0         0         0       
   0         0         0         0         0         0         0         0         0         0         0         0         0         0         0         0         0         0       
   0         0         0         0         0         0         0         0         0         0         0         0         0         0         0         0         0         0       
   0         0         0         0         0         0         0         0         0         0         0         0         0         0         0         0         0         0       
   0         0         0         0         0         0         0         0         0         0         0         0         0         0         0         0         0         0       
   0         0         0         0         0         0         0         0         0         0         0         0         0         0         0         0         0         0       
   0         0         0         0         0         0         0         0         0         0         0         0         0         0         0         0         0         0       
   0         0         0         0         0         0         0         0         0         0         0         0         0         0         0         0         0         0       
   0         0         0         0         0         0         0         0         0         0         0         0         0         0         0         0         0         0       
   0         0         0         0         0         0         0         0         0         0         0         0         0         0         0         0         0         0       
   0         0         0         0         0         0         0         0         0         0         0         0         0         0         0         0         0         0       

QLU
   0         0         0         0         0         0         0         0         0         0         0         0         0         0         0         0         0         0       
   0         0         0         0         0         0         0         0         0         0         0         0         0         0         0         0         0         0       
   0         0         0         0         0         0         0         0         0         0         0         0         0         0         0         0         0         0       
   0         0         0         0         0         0         0         0         0         0         0         0         0         0         0         0         0         0       
   0         0         0         0         0         0         0         0         0         0         0         0         0         0         0         0         0         0       
   0         0         0         0         0         0         0         0         0         0         0         0         0         0         0         0         0         0       
   0         0         0         0         0         0         0         0         0         0         0         0         0         0         0         0         0         0       
   0         0         0         0         0         0         0         0         0         0         0         0         0         0         0         0         0         0       
   0         0         0         0         0         0         0         0         0         0         0         0         0         0         0         0         0         0       
   0         0         0         0         0         0         0         0         0         0         0         0         0         0         0         0         0         0       
   0         0         0         0         0         0         0         0         0         0         0         0         0         0         0         0         0         0       
   0         0         0         0         0         0         0         0         0         0         0         0         0         0         0         0         0         0       
   0         0         0         0         0         0         0         0         0         0         0         0         0         0         0         0         0         0       
   0         0         0         0         0         0         0         0         0         0         0         0         0         0         0         0         0         0       
   0         0         0         0         0         0         0         0         0         0         0         0         0         0         0         0         0         0       
   0         0         0         0         0         0         0         0         0         0         0         0         0         0         0         0         0         0       
   0         0         0         0         0         0         0         0         0         0         0         0         0         0         0         0         0         0       
   0         0         0         0         0         0         0         0         0         0         0         0         0         0         0         0         0         0       

CONTACT
  0:
     dim           3
     geoms         floor : 26
     exclude       0
     efc_address   18
     solref         0.02      1       
     solimp         0.9       0.95      0.001     0.5       2       
     dist          -0.008   
     includemargin  0       
     pos            0.22     -0.11     -0.004   
     frame          0         0         1         0         1         0        -1         0         0       
     friction       1         1         0.005     0.0001    0.0001  
     mu             1       
  1:
     dim           3
     geoms         floor : 26
     exclude       0
     efc_address   22
     solref         0.02      1       
     solimp         0.9       0.95      0.001     0.5       2       
     dist          -0.0046  
     includemargin  0       
     pos            0.013    -0.2      -0.0023  
     frame          0         0         1         0         1         0        -1         0         0       
     friction       1         1         0.005     0.0001    0.0001  
     mu             1       

EFC_TYPE
  1
  1
  1
  1
  1
  1
  1
  1
  1
  1
  1
  1
  1
  1
  1
  1
  1
  1
  6
  6
  6
  6
  6
  6
  6
  6

EFC_ID
  0
  1
  2
  3
  4
  5
  6
  7
  8
  9
  10
  11
  12
  13
  14
  15
  16
  17
  0
  0
  0
  0
  1
  1
  1
  1

EFC_J
   1         0         0         0         0         0         0         0         0         0         0         0         0         0         0         0         0         0       
   0         1         0         0         0         0         0         0         0         0         0         0         0         0         0         0         0         0       
   0         0         1         0         0         0         0         0         0         0         0         0         0         0         0         0         0         0       
   0         0         0         1         0         0         0         0         0         0         0         0         0         0         0         0         0         0       
   0         0         0         0         1         0         0         0         0         0         0         0         0         0         0         0         0         0       
   0         0         0         0         0         1         0         0         0         0         0         0         0         0         0         0         0         0       
   0         0         0         0         0         0         1         0         0         0         0         0         0         0         0         0         0         0       
   0         0         0         0         0         0         0         1         0         0         0         0         0         0         0         0         0         0       
   0         0         0         0         0         0         0         0         1         0         0         0         0         0         0         0         0         0       
   0         0         0         0         0         0         0         0         0         1         0         0         0         0         0         0         0         0       
   0         0         0         0         0         0         0         0         0         0         1         0         0         0         0         0         0         0       
   0         0         0         0         0         0         0         0         0         0         0         1         0         0         0         0         0         0       
   0         0         0         0         0         0         0         0         0         0         0         0         1         0         0         0         0         0       
   0         0         0         0         0         0         0         0         0         0         0         0         0         1         0         0         0         0       
   0         0         0         0         0         0         0         0         0         0         0         0         0         0         1         0         0         0       
   0         0         0         0         0         0         0         0         0         0         0         0         0         0         0         1         0         0       
   0         0         0         0         0         0         0         0         0         0         0         0         0         0         0         0         1         0       
   0         0         0         0         0         0         0         0         0         0         0         0         0         0         0         0         0         1       
   0         1         1         0.93     -0.076     0.072     0         0         0         0         0         0         0.072    -0.12      0.93     -0.06     -0.13      0.078   
   0        -1         1        -1.1      -0.026    -0.077     0         0         0         0         0         0        -0.073     0.0068   -0.76      0.0071   -0.14     -0.005   
  -1         0         1        -0.052     0.96     -0.064     0         0         0         0         0         0         0.025     0.79      0.15      0.42     -0.067     0.04    
   1         0         1        -0.1      -1.1       0.059     0         0         0         0         0         0        -0.027    -0.9       0.016    -0.48     -0.2       0.034   
   0         1         1         0.84      0.14     -0.13      0         0         0         0         0         0        -0.13      0.099     0.84      0.14      0.071     0.0044  
   0        -1         1        -1.2       0.18      0.13      0         0         0         0         0         0         0.14      0.22     -0.82      0.23      0.089    -0.079   
  -1         0         1        -0.14      1.2      -0.15      0         0         0         0         0         0        -0.064     1         0.071     0.63      0.14     -0.034   
   1         0         1        -0.19     -0.85      0.15      0         0         0         0         0         0         0.065    -0.68     -0.052    -0.26      0.022    -0.041   

EFC_POS
   0       
   0       
   0       
   0       
   0       
   0       
   0       
   0       
   0       
   0       
   0       
   0       
   0       
   0       
   0       
   0       
   0       
   0       
  -0.008   
  -0.008   
  -0.008   
  -0.008   
  -0.0046  
  -0.0046  
  -0.0046  
  -0.0046  

EFC_MARGIN
   0       
   0       
   0       
   0       
   0       
   0       
   0       
   0       
   0       
   0       
   0       
   0       
   0       
   0       
   0       
   0       
   0       
   0       
   0       
   0       
   0       
   0       
   0       
   0       
   0       
   0       

EFC_FRICTIONLOSS
   0.1     
   0.1     
   0.1     
   0.1     
   0.1     
   0.1     
   0.1     
   0.1     
   0.1     
   0.1     
   0.1     
   0.1     
   0.1     
   0.1     
   0.1     
   0.1     
   0.1     
   0.1     
   0       
   0       
   0       
   0       
   0       
   0       
   0       
   0       

EFC_DIAGAPPROX
   0.02    
   0.02    
   0.02    
   0.45    
   0.45    
   0.45    
   19      
   3.9     
   1       
   15      
   71      
   93      
   19      
   3.9     
   1       
   15      
   71      
   93      
   1.4     
   1.4     
   1.4     
   1.4     
   1.4     
   1.4     
   1.4     
   1.4     

EFC_KBIP
   0         1.1e+02   0.9       0       
   0         1.1e+02   0.9       0       
   0         1.1e+02   0.9       0       
   0         1.1e+02   0.9       0       
   0         1.1e+02   0.9       0       
   0         1.1e+02   0.9       0       
   0         1.1e+02   0.9       0       
   0         1.1e+02   0.9       0       
   0         1.1e+02   0.9       0       
   0         1.1e+02   0.9       0       
   0         1.1e+02   0.9       0       
   0         1.1e+02   0.9       0       
   0         1.1e+02   0.9       0       
   0         1.1e+02   0.9       0       
   0         1.1e+02   0.9       0       
   0         1.1e+02   0.9       0       
   0         1.1e+02   0.9       0       
   0         1.1e+02   0.9       0       
   2.8e+03   1.1e+02   0.95      0       
   2.8e+03   1.1e+02   0.95      0       
   2.8e+03   1.1e+02   0.95      0       
   2.8e+03   1.1e+02   0.95      0       
   2.8e+03   1.1e+02   0.95      0       
   2.8e+03   1.1e+02   0.95      0       
   2.8e+03   1.1e+02   0.95      0       
   2.8e+03   1.1e+02   0.95      0       

EFC_D
   4.6e+02 
   4.6e+02 
   4.6e+02 
   20      
   20      
   20      
   0.48    
   2.3     
   9       
   0.62    
   0.13    
   0.097   
   0.48    
   2.3     
   9       
   0.62    
   0.13    
   0.097   
   13      
   13      
   13      
   13      
   13      
   13      
   13      
   13      

EFC_R
   0.0022  
   0.0022  
   0.0022  
   0.05    
   0.05    
   0.05    
   2.1     
   0.43    
   0.11    
   1.6     
   7.9     
   10      
   2.1     
   0.43    
   0.11    
   1.6     
   7.9     
   10      
   0.075   
   0.075   
   0.075   
   0.075   
   0.075   
   0.075   
   0.075   
   0.075   

ACTUATOR_VELOCITY
  -0.85    
   1.1     
  -0.14    
  -3.8     
   3       
   0.098   
  -0.15    
   0.87    
   0.28    
   0.0047  
  -0.24    
  -0.22    

CVEL
   0         0         0         0         0         0       
  -0.35     -0.27     -0.0034    0.48      0.12     -0.072   
  -0.37     -0.28     -0.85      0.4       0.1      -0.071   
  -0.37      0.81     -0.87      0.49      0.1      -0.096   
  -0.5       0.81     -0.92      0.48      0.11     -0.075   
  -0.58     -3        -0.64     -1.2       0.11     -0.56    
  -0.52     -0.027    -0.86      1.3       0.072    -0.35    
  -0.42     -0.029    -0.86      1.3      -0.012    -0.36    
  -0.35     -0.27     -0.15      0.49      0.12     -0.073   
  -0.42      0.6      -0.16      0.56      0.12     -0.095   
  -0.14      0.62     -0.14      0.56      0.1      -0.049   
  -0.14      0.62     -0.14      0.56      0.1      -0.049   
  -0.12      0.39     -0.16      0.36      0.083    -0.025   
  -0.34      0.37     -0.16      0.34      0.28     -0.05    
  -0.35     -0.27     -0.0034    0.48      0.12     -0.072   
  -0.35     -0.27     -0.0034    0.48      0.12     -0.072   
  -0.35     -0.27     -0.0034    0.48      0.12     -0.072   
  -0.35     -0.27     -0.0034    0.48      0.12     -0.072   
  -0.35     -0.27     -0.0034    0.48      0.12     -0.072   
  -0.35     -0.27     -0.0034    0.48      0.12     -0.072   
  -0.35     -0.27     -0.0034    0.48      0.12     -0.072   
  -0.35     -0.27     -0.0034    0.48      0.12     -0.072   
  -0.35     -0.27     -0.0034    0.48      0.12     -0.072   
  -0.35     -0.27     -0.0034    0.48      0.12     -0.072   
  -0.35     -0.27     -0.0034    0.48      0.12     -0.072   
  -0.35     -0.27     -0.0034    0.48      0.12     -0.072   
  -0.35     -0.27     -0.0034    0.48      0.12     -0.072   
  -0.35     -0.27     -0.0034    0.48      0.12     -0.072   
  -0.35     -0.27     -0.0034    0.48      0.12     -0.072   
  -0.35     -0.27     -0.0034    0.48      0.12     -0.072   
  -0.35     -0.27     -0.0034    0.48      0.12     -0.072   
  -0.35     -0.27     -0.0034    0.48      0.12     -0.072   
  -0.35     -0.27     -0.0034    0.48      0.12     -0.072   
  -0.35     -0.27     -0.0034    0.48      0.12     -0.072   
  -0.35     -0.27     -0.0034    0.48      0.12     -0.072   
  -0.35     -0.27     -0.0034    0.48      0.12     -0.072   
  -0.35     -0.27     -0.0034    0.48      0.12     -0.072   
  -0.35     -0.27     -0.0034    0.48      0.12     -0.072   
  -0.35     -0.27     -0.0034    0.48      0.12     -0.072   
  -0.35     -0.27     -0.0034    0.48      0.12     -0.072   
  -0.35     -0.27     -0.0034    0.48      0.12     -0.072   
  -0.35     -0.27     -0.0034    0.48      0.12     -0.072   
  -0.35     -0.27     -0.0034    0.48      0.12     -0.072   
  -0.35     -0.27     -0.0034    0.48      0.12     -0.072   
  -0.35     -0.27     -0.0034    0.48      0.12     -0.072   
  -0.35     -0.27     -0.0034    0.48      0.12     -0.072   
  -0.35     -0.27     -0.0034    0.48      0.12     -0.072   
  -0.35     -0.27     -0.0034    0.48      0.12     -0.072   
  -0.35     -0.27     -0.0034    0.48      0.12     -0.072   
  -0.35     -0.27     -0.0034    0.48      0.12     -0.072   
  -0.35     -0.27     -0.0034    0.48      0.12     -0.072   
  -0.35     -0.27     -0.0034    0.48      0.12     -0.072   
  -0.35     -0.27     -0.0034    0.48      0.12     -0.072   

CDOF_DOT
   0         0         0         0         0         0       
   0         0         0         0         0         0       
   0         0         0         0         0         0       
  -0         0         0        -0.0014   -0.067    -0.14    
  -0         0         0         0.075     0.0087    0.46    
   0         0         0         0.15     -0.46      0.0039  
  -0.27      0.35      0.00032   0.12     -0.48      0.02    
   0.86     -0.0016   -0.37      0.076    -0.069     0.43    
   0.32     -0.66     -0.75     -0.14     -0.39     -0.11    
   0.86     -0.055    -0.52      0.17     -0.31      0.12    
   0.86     -0.055    -0.52      0.33     -0.59      1.3     
  -0.016    -0.84      0.036    -0.75     -0.44      0.35    
  -0.27      0.35      0.00032   0.12     -0.48     -0.025   
   0.16      0.0061   -0.37      0.079    -0.0089    0.52    
   0.055    -0.13     -0.62      0.1      -0.066    -0.044   
   0.18      0.019    -0.09      0.062    -0.096     0.27    
   0.18      0.019    -0.09      0.00057  -0.17      0.026   
   0.0088   -0.16     -0.4      -0.092    -0.018     0.024   

QFRC_BIAS
  -0.91    
   0.44    
   6.7e+02 
   0.62    
  -13      
  -0.26    
  -0.12    
  -11      
  -4.8     
   1.5     
  -0.33    
  -0.023   
  -0.14    
   0.2     
   3.3     
   2.4     
  -0.22    
   0.0008  

QFRC_SPRING
   0       
   0       
   0       
   0       
   0       
   0       
   0       
   0       
   0       
   0       
   0       
   0       
   0       
   0       
   0       
   0       
   0       
   0       

QFRC_DAMPER
  -0.00045 
  -0.00015 
   7.7e-05 
   0.00036 
   0.00026 
   1.5e-05 
   0.00085 
  -0.0011  
   0.00014 
   0.0038  
  -0.003   
  -9.8e-05 
   0.00015 
  -0.00087 
  -0.00028 
  -4.7e-06 
   0.00024 
   0.00022 

QFRC_GRAVCOMP
   0       
   0       
   0       
   0       
   0       
   0       
   0       
   0       
   0       
   0       
   0       
   0       
   0       
   0       
   0       
   0       
   0       
   0       

QFRC_FLUID
   0       
   0       
   0       
   0       
   0       
   0       
   0       
   0       
   0       
   0       
   0       
   0       
   0       
   0       
   0       
   0       
   0       
   0       

QFRC_PASSIVE
  -0.00045 
  -0.00015 
   7.7e-05 
   0.00036 
   0.00026 
   1.5e-05 
   0.00085 
  -0.0011  
   0.00014 
   0.0038  
  -0.003   
  -9.8e-05 
   0.00015 
  -0.00087 
  -0.00028 
  -4.7e-06 
   0.00024 
   0.00022 

EFC_VEL
   0.45    
   0.15    
  -0.077   
  -0.36    
  -0.26    
  -0.015   
  -0.85    
   1.1     
  -0.14    
  -3.8     
   3       
   0.098   
  -0.15    
   0.87    
   0.28    
   0.0047  
  -0.24    
  -0.22    
  -0.08    
   0.0061  
  -0.027   
  -0.047   
   0.06    
   0.081   
   0.094   
   0.047   

EFC_AREF
  -48      
  -16      
   8.1     
   38      
   27      
   1.6     
   89      
  -1.1e+02 
   15      
   4.1e+02 
  -3.2e+02 
  -10      
   16      
  -92      
  -29      
  -0.5     
   25      
   23      
   30      
   21      
   24      
   26      
   5.8     
   3.7     
   2.3     
   7.2     

SUBTREE_LINVEL
   0         0         0       
   0         0         0       
   0         0         0       
   0         0         0       
   0         0         0       
   0         0         0       
   0         0         0       
   0         0         0       
   0         0         0       
   0         0         0       
   0         0         0       
   0         0         0       
   0         0         0       
   0         0         0       
   0         0         0       
   0         0         0       
   0         0         0       
   0         0         0       
   0         0         0       
   0         0         0       
   0         0         0       
   0         0         0       
   0         0         0       
   0         0         0       
   0         0         0       
   0         0         0       
   0         0         0       
   0         0         0       
   0         0         0       
   0         0         0       
   0         0         0       
   0         0         0       
   0         0         0       
   0         0         0       
   0         0         0       
   0         0         0       
   0         0         0       
   0         0         0       
   0         0         0       
   0         0         0       
   0         0         0       
   0         0         0       
   0         0         0       
   0         0         0       
   0         0         0       
   0         0         0       
   0         0         0       
   0         0         0       
   0         0         0       
   0         0         0       
   0         0         0       
   0         0         0       
   0         0         0       

SUBTREE_ANGMOM
   0         0         0       
   0         0         0       
   0         0         0       
   0         0         0       
   0         0         0       
   0         0         0       
   0         0         0       
   0         0         0       
   0         0         0       
   0         0         0       
   0         0         0       
   0         0         0       
   0         0         0       
   0         0         0       
   0         0         0       
   0         0         0       
   0         0         0       
   0         0         0       
   0         0         0       
   0         0         0       
   0         0         0       
   0         0         0       
   0         0         0       
   0         0         0       
   0         0         0       
   0         0         0       
   0         0         0       
   0         0         0       
   0         0         0       
   0         0         0       
   0         0         0       
   0         0         0       
   0         0         0       
   0         0         0       
   0         0         0       
   0         0         0       
   0         0         0       
   0         0         0       
   0         0         0       
   0         0         0       
   0         0         0       
   0         0         0       
   0         0         0       
   0         0         0       
   0         0         0       
   0         0         0       
   0         0         0       
   0         0         0       
   0         0         0       
   0         0         0       
   0         0         0       
   0         0         0       
   0         0         0       

ACTUATOR_FORCE
   3.7     
   25      
   9.7     
   5.8     
  -0.93    
  -0.11    
  -5.6     
  -9.8     
  -35      
  -29      
   15      
  -3.1     

QFRC_ACTUATOR
   0       
   0       
   0       
   0       
   0       
   0       
   3.7     
   25      
   9.7     
   5.8     
  -0.93    
  -0.11    
  -5.6     
  -9.8     
  -35      
  -29      
   15      
  -3.1     

QFRC_SMOOTH
   0.91    
  -0.44    
  -6.7e+02 
  -0.61    
   13      
   0.26    
   3.8     
   36      
   15      
   4.3     
  -0.61    
  -0.085   
  -5.5     
  -10      
  -38      
  -31      
   15      
  -3.1     

QACC_SMOOTH
   3.9     
   1.3     
  -7.6     
   4.7     
  -18      
   2       
  -2.9     
   63      
  -2.1     
  -53      
  -71      
  -13      
  -42      
   1.4e+02 
  -24      
  -3.8e+02 
   1.1e+03 
  -2.8e+02 

EFC_B
   52      
   17      
  -16      
  -33      
  -45      
   0.4     
  -92      
   1.8e+02 
  -17      
  -4.6e+02 
   2.5e+02 
  -2.3     
  -58      
   2.3e+02 
   5.2     
  -3.8e+02 
   1.1e+03 
  -3e+02   
  -2.2e+02 
  -1.7e+02 
  -2e+02   
  -1.9e+02 
   14      
   58      
   30      
   42      

EFC_FORCE
  -0.1     
  -0.1     
   0.1     
   0.1     
   0.1     
   0.1     
   0.1     
  -0.1     
  -0.1     
   0.1     
  -0.1     
   0.065   
   0.1     
  -0.1     
  -0.1     
  -0.1     
   0.1     
   0.1     
   97      
   49      
   75      
   71      
   62      
   78      
   57      
   83      

EFC_STATE
  3
  3
  2
  2
  2
  2
  2
  3
  3
  2
  3
  1
  2
  3
  3
  3
  2
  2
  1
  1
  1
  1
  1
  1
  1
  1

QFRC_CONSTRAINT
   21      
   32      
   5.7e+02 
  -37      
   7.4     
   8.3     
   0.1     
  -0.1     
  -0.1     
   0.1     
  -0.1     
   0.065   
   7.5     
   8.3     
   53      
   34      
  -17      
   1.6     

QFRC_INVERSE
   0       
   0       
   0       
   0       
   0       
   0       
   0       
   0       
   0       
   0       
   0       
   0       
   0       
   0       
   0       
   0       
   0       
   0       

CACC
   0         0         0         0         0         0       
   0         0         0         0         0         0       
   0         0         0         0         0         0       
   0         0         0         0         0         0       
   0         0         0         0         0         0       
   0         0         0         0         0         0       
   0         0         0         0         0         0       
   0         0         0         0         0         0       
   0         0         0         0         0         0       
   0         0         0         0         0         0       
   0         0         0         0         0         0       
   0         0         0         0         0         0       
   0         0         0         0         0         0       
   0         0         0         0         0         0       
   0         0         0         0         0         0       
   0         0         0         0         0         0       
   0         0         0         0         0         0       
   0         0         0         0         0         0       
   0         0         0         0         0         0       
   0         0         0         0         0         0       
   0         0         0         0         0         0       
   0         0         0         0         0         0       
   0         0         0         0         0         0       
   0         0         0         0         0         0       
   0         0         0         0         0         0       
   0         0         0         0         0         0       
   0         0         0         0         0         0       
   0         0         0         0         0         0       
   0         0         0         0         0         0       
   0         0         0         0         0         0       
   0         0         0         0         0         0       
   0         0         0         0         0         0       
   0         0         0         0         0         0       
   0         0         0         0         0         0       
   0         0         0         0         0         0       
   0         0         0         0         0         0       
   0         0         0         0         0         0       
   0         0         0         0         0         0       
   0         0         0         0         0         0       
   0         0         0         0         0         0       
   0         0         0         0         0         0       
   0         0         0         0         0         0       
   0         0         0         0         0         0       
   0         0         0         0         0         0       
   0         0         0         0         0         0       
   0         0         0         0         0         0       
   0         0         0         0         0         0       
   0         0         0         0         0         0       
   0         0         0         0         0         0       
   0         0         0         0         0         0       
   0         0         0         0         0         0       
   0         0         0         0         0         0       
   0         0         0         0         0         0       

CFRC_INT
   0         0         0         0         0         0       
   0         0         0         0         0         0       
   0         0         0         0         0         0       
   0         0         0         0         0         0       
   0         0         0         0         0         0       
   0         0         0         0         0         0       
   0         0         0         0         0         0       
   0         0         0         0         0         0       
   0         0         0         0         0         0       
   0         0         0         0         0         0       
   0         0         0         0         0         0       
   0         0         0         0         0         0       
   0         0         0         0         0         0       
   0         0         0         0         0         0       
   0         0         0         0         0         0       
   0         0         0         0         0         0       
   0         0         0         0         0         0       
   0         0         0         0         0         0       
   0         0         0         0         0         0       
   0         0         0         0         0         0       
   0         0         0         0         0         0       
   0         0         0         0         0         0       
   0         0         0         0         0         0       
   0         0         0         0         0         0       
   0         0         0         0         0         0       
   0         0         0         0         0         0       
   0         0         0         0         0         0       
   0         0         0         0         0         0       
   0         0         0         0         0         0       
   0         0         0         0         0         0       
   0         0         0         0         0         0       
   0         0         0         0         0         0       
   0         0         0         0         0         0       
   0         0         0         0         0         0       
   0         0         0         0         0         0       
   0         0         0         0         0         0       
   0         0         0         0         0         0       
   0         0         0         0         0         0       
   0         0         0         0         0         0       
   0         0         0         0         0         0       
   0         0         0         0         0         0       
   0         0         0         0         0         0       
   0         0         0         0         0         0       
   0         0         0         0         0         0       
   0         0         0         0         0         0       
   0         0         0         0         0         0       
   0         0         0         0         0         0       
   0         0         0         0         0         0       
   0         0         0         0         0         0       
   0         0         0         0         0         0       
   0         0         0         0         0         0       
   0         0         0         0         0         0       
   0         0         0         0         0         0       

CFRC_EXT
   0         0         0         0         0         0       
   0         0         0         0         0         0       
   0         0         0         0         0         0       
   0         0         0         0         0         0       
   0         0         0         0         0         0       
   0         0         0         0         0         0       
   0         0         0         0         0         0       
   0         0         0         0         0         0       
   0         0         0         0         0         0       
   0         0         0         0         0         0       
   0         0         0         0         0         0       
   0         0         0         0         0         0       
   0         0         0         0         0         0       
   0         0         0         0         0         0       
   0         0         0         0         0         0       
   0         0         0         0         0         0       
   0         0         0         0         0         0       
   0         0         0         0         0         0       
   0         0         0         0         0         0       
   0         0         0         0         0         0       
   0         0         0         0         0         0       
   0         0         0         0         0         0       
   0         0         0         0         0         0       
   0         0         0         0         0         0       
   0         0         0         0         0         0       
   0         0         0         0         0         0       
   0         0         0         0         0         0       
   0         0         0         0         0         0       
   0         0         0         0         0         0       
   0         0         0         0         0         0       
   0         0         0         0         0         0       
   0         0         0         0         0         0       
   0         0         0         0         0         0       
   0         0         0         0         0         0       
   0         0         0         0         0         0       
   0         0         0         0         0         0       
   0         0         0         0         0         0       
   0         0         0         0         0         0       
   0         0         0         0         0         0       
   0         0         0         0         0         0       
   0         0         0         0         0         0       
   0         0         0         0         0         0       
   0         0         0         0         0         0       
   0         0         0         0         0         0       
   0         0         0         0         0         0       
   0         0         0         0         0         0       
   0         0         0         0         0         0       
   0         0         0         0         0         0       
   0         0         0         0         0         0       
   0         0         0         0         0         0       
   0         0         0         0         0         0       
   0         0         0         0         0         0       
   0         0         0         0         0         0       

